Practice Section,Sub-Category,Exercise Name,Sets/Reps Guideline,Purpose,Muscle-Groups worked,Coaching-Influence/Reference
Warmup + Movement Prep,Mobility Work,Straddle Rock-and-Roll,5 reps,Hip mobility and spinal rotation,Hip flexors, adductors, spinal erectors,David Grey / Dario Saisan
Warmup + Movement Prep,Mobility Work,Seated 90/90s,5 reps,Hip internal/external rotation mobility,Hip rotators,David Grey / Dario Saisan
Warmup + Movement Prep,Mobility Work,Tabletop March,5 reps,Hip flexor and core stability,Hip flexors, core,David Grey / Dario Saisan
Warmup + Movement Prep,Mobility Work,Glute Bridge + Reach,5 reps,Glute activation and thoracic extension,Glutes, hamstrings, thoracic extensors,David Grey / Dario Saisan
Warmup + Movement Prep,Mobility Work,Down Dog + Opp. Toe-Touch,5 reps,Posterior chain lengthening and shoulder mobility,Hamstrings, calves, shoulders,David Grey / Dario Saisan
Warmup + Movement Prep,Mobility Work,World's Greatest Stretch,5 reps,Multi-planar hip and thoracic mobility,Hip flexors, hip extensors, thoracic spine,David Grey / Dario Saisan
Warmup + Movement Prep,Mobility Work,Adductor Rock to Scorpion,4 reps,Adductor flexibility and hip extension,Adductors, hip flexors,David Grey / Dario Saisan
Warmup + Movement Prep,Mobility Work,Curtsy to Lateral-Lunge,4 reps,Multi-planar hip mobility,Hip adductors, glutes,David Grey / Dario Saisan
Warmup + Movement Prep,Mobility Work,SL RDL + Reaches,4 reps,Single-leg stability and hip hinge pattern,Hamstrings, glutes, core,David Grey / Dario Saisan
Warmup + Movement Prep,Mobility Work,Lunge+Reach,4 reps (3 reaches),Hip flexor lengthening and thoracic rotation,Hip flexors, thoracic spine,David Grey / Dario Saisan
Warmup + Movement Prep,Mobility Work,Squat to Hip-Lock (Brace on Wall),5 reps,Deep squat mobility and hip stability,Hip flexors, glutes, ankle dorsiflexors,David Grey / Dario Saisan
Warmup + Movement Prep,Mobility Work,Lateral Leg Swing (Still on Wall),10 reps,Hip abduction/adduction mobility,Hip abductors, adductors,David Grey / Dario Saisan
Warmup + Movement Prep,Mobility Work,Calf Raises,Variable,Ankle plantarflexor strength and mobility,Calves (gastrocnemius, soleus),Foot and Achilles Rehab
Warmup + Movement Prep,Mobility Work,Ankle Circles,Variable,Ankle mobility in all planes,Ankle muscles,Foot and Achilles Rehab
Warmup + Movement Prep,Mobility Work,Toe Raises,Variable,Ankle dorsiflexor strength and mobility,Tibialis anterior,Foot and Achilles Rehab
Warmup + Movement Prep,Mobility Work,Heel Walks,Variable,Ankle dorsiflexor strengthening,Tibialis anterior,Foot and Achilles Rehab
Warmup + Movement Prep,Mobility Work,Toe Walks,Variable,Ankle plantarflexor strengthening,Calves,Foot and Achilles Rehab
Warmup + Movement Prep,Mobility Work,Toe Mobility,Variable,Toe flexibility and strength,Intrinsic foot muscles,Foot and Achilles Rehab
Warmup + Movement Prep,Mobility Work,Arch Activation,Variable,Foot arch strength,Intrinsic foot muscles,Foot and Achilles Rehab
Warmup + Movement Prep,Mobility Work,Cat-Cow,5 reps,Spinal flexion/extension mobility,Spinal erectors, abdominals,
Warmup + Movement Prep,Mobility Work,Thoracic Rotations,5 reps,Thoracic spine rotation,Thoracic rotators,
Warmup + Movement Prep,Mobility Work,Thread the Needle,5 reps each side,Thoracic and shoulder mobility,Thoracic spine, shoulders,
Warmup + Movement Prep,Mobility Work,Wall Slides,Variable,Shoulder blade mobility and posture,Upper trapezius, serratus anterior,
Warmup + Movement Prep,Mobility Work,Doorway Stretches,Variable,Pectoral and anterior shoulder stretching,Pectorals, anterior deltoids,
Warmup + Movement Prep,Mobility Work,Arm Circles,5-8 reps,Shoulder mobility and warmup,Shoulders,
Warmup + Movement Prep,Mobility Work,Shoulder Dislocations,5-8 reps,Shoulder and thoracic mobility,Shoulders, thoracic spine,Upper Body Basics
Warmup + Movement Prep,Mobility Work,T-Spine Rotations,5-8 reps,Thoracic rotation mobility,Thoracic rotators,Upper Body Basics
Warmup + Movement Prep,Mobility Work,Pec Stretches,Variable,Pectoral muscle lengthening,Pectorals,Upper Body Basics
Warmup + Movement Prep,ISO-Holds,SL-Stand,2x30-45s per leg (45s rest),Single-leg stability and proprioception,Glutes, core, hip stabilizers,
Warmup + Movement Prep,ISO-Holds,ISO-Lunge,2x30-45s per leg (45s rest),Hip flexor lengthening and single-leg stability,Hip flexors, glutes, quadriceps,
Warmup + Movement Prep,ISO-Holds,fRoller Bridge,2-3x15-20s (30-45s rest),Posterior chain isometric strength,Glutes, hamstrings, core,
Warmup + Movement Prep,ISO-Holds,Single-Leg Holds (Alternating),2-3x5-10s per leg (3-5s between),Potentiation and single-leg stability,Glutes, core,
Warmup + Movement Prep,ISO-Holds,Wall-Sits,2x15s,Quadriceps isometric endurance,Quadriceps,
Warmup + Movement Prep,ISO-Holds,ISO Squats,2x15s,Lower body isometric strength,Quadriceps, glutes,
Warmup + Movement Prep,Dynamic Warmup,Light Skipping,2-3x15-20m,General warmup and coordination,Calves, hip flexors,
Warmup + Movement Prep,Dynamic Warmup,Shuffling,2-3x15-20m,Lateral movement patterns,Hip abductors, adductors,
Warmup + Movement Prep,Dynamic Warmup,Accels at 70%,2-3x15m,Progressive acceleration pattern,Full body sprint muscles,
Warmup + Movement Prep,Dynamic Warmup,Carioca,Variable,Lateral hip mobility and coordination,Hip abductors, adductors,
Warmup + Movement Prep,Dynamic Warmup,Side Shuffles,Variable,Lateral movement preparation,Hip abductors, adductors,
Warmup + Movement Prep,Dynamic Warmup,Backwards Running,Variable,Posterior chain activation,Hamstrings, glutes,
Warmup + Movement Prep,Dynamic Warmup,High-Knee Pulls,8-10 reps each side,Hip flexor and hamstring flexibility,Hip flexors, hamstrings,
Warmup + Movement Prep,Dynamic Warmup,Straight-Leg Kicks,8-10 reps each side,Hamstring flexibility,Hamstrings,
Warmup + Movement Prep,Dynamic Warmup,Lunge and Reach,8-10 reps each side,Hip flexor lengthening and thoracic mobility,Hip flexors, thoracic spine,
Warmup + Movement Prep,Dynamic Warmup,Leg Swings (Forward/Back, Lateral),8-10 reps each side,Hip mobility in sagittal and frontal planes,Hip flexors, extensors, abductors, adductors,
Warmup + Movement Prep,Dynamic Warmup,Arm Swings,8-10 reps,Shoulder mobility and warmup,Shoulders,
Warmup + Movement Prep,Dynamic Warmup,Walking Backwards,2x15m,Posterior chain activation,Hamstrings, glutes,
Warmup + Movement Prep,Dynamic Warmup,Skipping Backwards,2x15m,Posterior chain and coordination,Hamstrings, glutes, calves,
Warmup + Movement Prep,Dynamic Warmup,Running Backwards,2x15m,Posterior chain strength and coordination,Hamstrings, glutes, calves,
Warmup + Movement Prep,Banded Activation,Hip-Thrust,2-3x12-15 reps (30s rest),Glute activation,Glutes, hamstrings,
Warmup + Movement Prep,Banded Activation,SL Hip-Thrust,2-3x12-15 reps each leg,Single-leg glute activation,Glutes, hamstrings,
Warmup + Movement Prep,Banded Activation,Clamshell,2-3x12-15 reps each side,Hip external rotator activation,Hip external rotators,
Warmup + Movement Prep,Banded Activation,Monster-Walks,2-3x10-12 each direction,Hip abductor activation,Hip abductors,
Warmup + Movement Prep,Banded Activation,Diagonal Walks,2-3x10-12 each direction,Multi-planar hip stability,Hip abductors, adductors,
Warmup + Movement Prep,Banded Activation,Hip Flexor Raises,2-3x10-12 each side,Hip flexor activation,Hip flexors,
Warmup + Movement Prep,Light Movement Prep,Walking Lunges,2x10m,Lower body dynamic warmup,Quadriceps, glutes,
Warmup + Movement Prep,Light Movement Prep,Walking Leg Swings,2x10m,Hip mobility,Hip flexors, extensors,
Warmup + Movement Prep,Light Movement Prep,Bodyweight Squats,1-2x10 reps,Lower body activation,Quadriceps, glutes,
Warmup + Movement Prep,Light Movement Prep,Push-Ups,1-2x8-10 reps,Upper body activation,Pectorals, triceps, anterior deltoids,
Warmup + Movement Prep,Light Movement Prep,Jumping Jacks,2x8 reps,General warmup and coordination,Full body,
Warmup + Movement Prep,Light Movement Prep,Mountain Climbers,2x8 reps,Core and cardiovascular warmup,Core, hip flexors,
Warmup + Movement Prep,Light Movement Prep,Air Squats,2x8 reps,Lower body dynamic warmup,Quadriceps, glutes,
Warmup + Movement Prep,Jump-Specific Prep,Light Bounds,2-3x5 contacts,Jump landing mechanics and elastic preparation,Calves, glutes,
Warmup + Movement Prep,Jump-Specific Prep,Gallops,2-3x15m,Rhythmic jump preparation,Calves, glutes,
Warmup + Movement Prep,Jump-Specific Prep,Pop-Ups,2-3x3 contacts,Vertical jump preparation,Calves, glutes, quadriceps,
Warmup + Movement Prep,Jump-Specific Prep,Step-Ups,Variable,Lower body strength and stability,Quadriceps, glutes,
CNS Priming,Easier Drills,A-March,2-3x10-15m,Sprint mechanics - marching pattern with high knee lift,Hip flexors, quadriceps,
CNS Priming,Easier Drills,A-Skips,2-3x10-15m,Sprint mechanics - skipping pattern with A-position,Hip flexors, calves,
CNS Priming,Easier Drills,A-Walk,2x10m (ROM focus),Sprint mechanics with focus on range of motion,Hip flexors, calves,
CNS Priming,Easier Drills,"Booms",2x10m,Sprint mechanics - stress movement while other actions occur,Hip flexors, calves, core,Chris Korfist
CNS Priming,Easier Drills,Switches,2x10m,Sprint mechanics - fast leg switching,Hip flexors, calves,
CNS Priming,Easier Drills,A-Switch,2x10m,Sprint mechanics - switching in A-position,Hip flexors, calves,
CNS Priming,Easier Drills,Double Switch,2x10m per leg,Sprint mechanics - double switching pattern,Hip flexors, calves,
CNS Priming,Easier Drills,B-Skip,2x10-15m,Sprint mechanics - skipping with backward leg swing,Hip flexors, hamstrings,
CNS Priming,Easier Drills,High Knees,2x15m,Hip flexor activation and coordination,Hip flexors,
CNS Priming,Easier Drills,Bilateral Pogos (N-S-E-W),4x20 contacts (30s on/30s off),Ankle stiffness and reactive strength,Calves,
CNS Priming,Easier Drills,Split-Stance Pogos,2x20 contacts,Ankle stiffness with split stance,Calves, quadriceps,
CNS Priming,Easier Drills,Alternating Split-Lunge Pogos,2x20 contacts,Ankle stiffness with lunge position,Calves, quadriceps,
CNS Priming,Easier Drills,SL Pogos,Variable,Single-leg ankle stiffness,Calves,
CNS Priming,Easier Drills,Extensive Ankle Pogo Variations,Variable,Elastic volume and ankle stiffness,Calves,
CNS Priming,Easier Drills,SL Toe-Pops,3x10 contacts,Ankle and foot stiffness - single-leg,Calves, foot muscles,
CNS Priming,Easier Drills,Bilateral Toe-Pops,3x10 contacts,Ankle and foot stiffness - bilateral,Calves, foot muscles,
CNS Priming,Easier Drills,Bilateral + Weight Toe-Pops,3x10 contacts,Loaded ankle stiffness,Calves, foot muscles,
CNS Priming,Easier Drills,Alternating Toe-Pops,3x10 contacts,Ankle stiffness with alternating pattern,Calves, foot muscles,
CNS Priming,Progressing Drills,A-Skips for Height,2x15m,Vertical force application in sprint mechanics,Hip flexors, calves,
CNS Priming,Progressing Drills,A-Skips for Length,2x15m,Horizontal force application in sprint mechanics,Hip flexors, calves,
CNS Priming,Progressing Drills,A-Skips for Speed,2x15m,Maximum velocity sprint mechanics,Hip flexors, calves,
CNS Priming,Progressing Drills,Crawling,2-3x10m,Hip separation and core stability,Hip flexors, core,Chris Korfist
CNS Priming,Progressing Drills,Lateral High-Knees,2-3x10m,Hip hike action and lateral stability,Hip flexors, hip abductors,Chris Korfist
CNS Priming,Progressing Drills,Wall-Hikes,2-3x10m,Hip hike action against wall,Hip flexors,Chris Korfist
CNS Priming,Progressing Drills,Rapid High-Knees,2x10s (fast cadence, full recovery),Maximum cadence and hip flexor speed,Hip flexors,
CNS Priming,Accel-Specific Priming,Horizontal Bounds,2-3x10m,Horizontal force application,Glutes, quadriceps, calves,
CNS Priming,Accel-Specific Priming,Skips for Distance,2-3x10m,Horizontal power development,Hip flexors, glutes,
CNS Priming,Accel-Specific Priming,Banded March,2-3x10m,Attack angle and short push in acceleration,Hip flexors, glutes,Les Spellman / CSAC
CNS Priming,Accel-Specific Priming,Banded Bound,2-3x10m,Power and long push in acceleration,Glutes, quadriceps,Les Spellman / CSAC
CNS Priming,Accel-Specific Priming,March-Bound,2-3x10m,Patterning and extending push in acceleration,Hip flexors, glutes,Les Spellman / CSAC
CNS Priming,Accel-Specific Priming,1-3 Step Repeats,2-3x10m,Rhythm and acceleration pattern,Full body sprint muscles,Les Spellman / CSAC
CNS Priming,Accel-Specific Priming,Wall-Drive Progressions,2-3x10m,Acceleration body position and force application,Full body sprint muscles,Les Spellman / CSAC
CNS Priming,Accel-Specific Priming,Lean-Fall-Runs,2-3x10m,Acceleration start mechanics,Full body sprint muscles,Les Spellman / CSAC
CNS Priming,Accel-Specific Priming,Light Resisted Marches/Bounds,3-4x10m (band or sled light load),Horizontal force application with resistance,Glutes, quadriceps,
CNS Priming,Accel-Specific Priming,Resisted Sprints,Variable loads and distances,Horizontal force development with resistance,Full body sprint muscles,
CNS Priming,Jump-Specific Priming,Continuous Gallops,3-4x15-20m,Rhythm and coordination for jumping,Calves, glutes,
CNS Priming,Jump-Specific Priming,2-3 Step Pop-Ups,3-4x3 contacts,Jump preparation with approach,Calves, glutes, quadriceps,
CNS Priming,Jump-Specific Priming,Stride-Stride-Stride Long-Short,2-3x20m,Pattern work for jumping,Calves, glutes, quadriceps,
CNS Priming,Jump-Specific Priming,Hop-Bounds (and variants),3-4x5 contacts each,Bilateral and unilateral jump patterns,Calves, glutes, quadriceps,
CNS Priming,Speed-Specific Priming,Toe-Up Prime-Times,20yds,Sprint mechanics with toe-up foot position,Calves, hip flexors,
CNS Priming,Speed-Specific Priming,Straight-Leg Series (Prime-Times),2-3x20m,Stiffness and quick ground contacts,Calves, hamstrings,
CNS Priming,Speed-Specific Priming,Ankle Dribbles,2x20m,Ankle stiffness and quick ground contact,Calves,
CNS Priming,Speed-Specific Priming,Calf Dribbles,2x20m,Calf stiffness and coordination,Calves,
CNS Priming,Speed-Specific Priming,Knee Dribbles,2x20m,Knee position and coordination,Quadriceps, calves,
CNS Priming,Speed-Specific Priming,MB Dribbles,2x20m (hold at waist),Sprint mechanics with med ball resistance,Full body sprint muscles,
CNS Priming,Speed-Specific Priming,Single-Leg Cycling,Singles then Doubles then alternating doubles,Sprint mechanics single-leg pattern,Hip flexors, calves,Technique-Session – Dribbles
CNS Priming,Speed-Specific Priming,Extensive Rapid Strides,3-4x20m (progressive build-up),Rhythm and turnover for max velocity,Hip flexors, calves,Lachen Reid / Racehorse 2
CNS Priming,Speed-Specific Priming,10-in-10,1-2 rounds (10 bounds in 10s),Reactive strength and speed,Tony Holler
CNS Priming,Plyos,Frog-Hops,2-3x5 contacts,Light plyometric - bilateral jump pattern,Calves, glutes,Matt Mcinnes Watson
CNS Priming,Plyos,Lunge Pulses,2-3x5 contacts,Light plyometric - lunge position,Quadriceps, glutes,Matt Mcinnes Watson
CNS Priming,Plyos,In-Place Jumps,Variable,Light plyometric - vertical jump in place,Calves, glutes,
CNS Priming,Plyos,Baby Bounds,Variable,Light plyometric - small bounds,Calves, glutes,
CNS Priming,Plyos,Easy Hops,Variable,Light plyometric - easy single-leg hops,Calves,
CNS Priming,Plyos,Box Jumps,2-3x5-8 contacts,Medium plyometric - vertical jump onto box,Calves, glutes, quadriceps,
CNS Priming,Plyos,Depth Drops (from low height),2x5-8 contacts,Medium plyometric - landing from height,Calves, glutes, quadriceps,
CNS Priming,Plyos,Speed Bounds,Variable,Medium plyometric - fast horizontal bounds,Calves, glutes,
CNS Priming,Plyos,Short Bounds,Variable,Medium plyometric - short horizontal bounds,Calves, glutes,
CNS Priming,Plyos,Extended Bounds,Variable,Medium plyometric - long horizontal bounds,Calves, glutes,
CNS Priming,Plyos,Deep-Tier Lunge Jumps,2x20 per leg,Deep plyometric - explosive lunge jumps,Quadriceps, glutes,Joe Pedulla / APEX Ready
CNS Priming,Plyos,Deep-Tier Lunge Plyo (Yielding),2x20 per leg,Deep plyometric - yielding lunge jumps,Quadriceps, glutes, hamstrings,Joe Pedulla / APEX Ready
CNS Priming,Plyos,Depth Jumps (higher box),3-4x5 contacts,Deep plyometric - landing from higher height,Calves, glutes, quadriceps,
CNS Priming,Plyos,Hurdle-Hops,3x10,Deep plyometric - jumping over hurdles,Calves, glutes, quadriceps,
CNS Priming,Plyos,Tuck Jumps,3x10,Deep plyometric - explosive vertical jumps,Calves, glutes, quadriceps,
CNS Priming,Plyos,Alternating SL Hops,2-3x10-12 per leg,Deep plyometric - single-leg reactive hops,Calves, glutes, quadriceps,
CNS Priming,Plyos,Seated Hurdle Hop,3x4,Deep plyometric - hurdle hop from seated,Calves, glutes, quadriceps,
CNS Priming,Plyos,Non Counter-Movement Hurdle-Hop,4x4,Deep plyometric - no counter-movement,Calves, glutes, quadriceps,
CNS Priming,Plyos,Drop-Jumps,3-4x5 contacts (short GCT),Deep plyometric - reactive landing,Calves, glutes, quadriceps,
CNS Priming,Plyos,Medium Hops,3x10 per leg,Deep plyometric - medium intensity single-leg hops,Calves, glutes,
CNS Priming,Plyos,Scissor-Bounds (Heavy to Light),Variable,Deep plyometric progression,Calves, glutes, quadriceps,
CNS Priming,Plyos,Altitude Lands,Variable,Deep plyometric - landing from altitude,Calves, glutes, quadriceps,
CNS Priming,Plyos,Band-Assisted Jumps,Variable,Deep plyometric - assisted vertical jumps,Calves, glutes, quadriceps,
Main Work,Speed,10m Accel (Standing-Start),3-4x10m (full recovery 2-3min),Short acceleration from standing start,Full body sprint muscles,
Main Work,Speed,15m Accel (Standing-Start),3-4x15m (full recovery 2-3min),Acceleration from standing start,Full body sprint muscles,
Main Work,Speed,15m Accel (Block-Start),4x15m (full recovery 2-3min),Block start acceleration mechanics,Full body sprint muscles,
Main Work,Speed,½ Kneeling Start,3x4-Steps,Half-kneeling acceleration start,Full body sprint muscles,
Main Work,Speed,½ Kneel Chase Sprints,2x ~20m (full recovery),Reactive starts from half-kneeling,Full body sprint muscles,
Main Work,Speed,10m Sled (Light-Medium Load),2-3x10m (30-40% bodyweight),Horizontal force with light resistance,Glutes, quadriceps,
Main Work,Speed,10m Sled (Medium Load),3-4x10m (40-50% bodyweight, full recovery 2-3min),Horizontal force with medium resistance,Glutes, quadriceps,
Main Work,Speed,10m Sled (Medium-Heavy Load),4x10m (50-60% bodyweight),Horizontal force with heavy resistance,Glutes, quadriceps,
Main Work,Speed,Sled Accel-March,3x10yd,Sled marching for acceleration,Glutes, quadriceps,Joe Pedulla / APEX Ready
Main Work,Speed,Heavy Sled-Marches,3-5x10m (heavy load, full recovery 2-3min),Heavy resisted marching,Glutes, quadriceps,
Main Work,Speed,Resisted Sprint (Chain/Sled),3x15yd,Resisted sprinting for acceleration,Full body sprint muscles,
Main Work,Speed,Resisted Sprint,20yd at 30% vDec (or 25-35% BW),Velocity decrement resisted sprint,Full body sprint muscles,
Main Work,Speed,Contrast Sprints (Resisted → Unresisted),6x10yd + 6x20yd (30s rest between, then longer between sets),Contrast training for acceleration,Full body sprint muscles,Tim Riley / Cheat Code
Main Work,Speed,30m Dash,2x30m (full recovery 3-4min),Maximum velocity sprinting,Full body sprint muscles,
Main Work,Speed,30-40yd Sprints,6x30yd (3min rest),Max velocity work,Full body sprint muscles,
Main Work,Speed,Fly-10s,4 rounds (10+10, 20yd total),Flying 10-yard sprints for max velocity,Full body sprint muscles,Joe Pedulla / APEX Ready
Main Work,Speed,Fly-Runs,with 30m Accel-Zone,Sprint with acceleration zone and fly zone,Full body sprint muscles,Chris Parno
Main Work,Speed,Ladder Flys,Fly-10 Fly-20 Fly-30 (all with 30m Accel),Progressive fly distances,Full body sprint muscles,Chris Parno
Main Work,Speed,Short Accels,30-50m,Short acceleration distances,Full body sprint muscles,Chris Parno
Main Work,Speed,Buildups,2x30yd (70-80% into 90-95% effort),Progressive acceleration buildup,Full body sprint muscles,Joe Pedulla / APEX Ready
Main Work,Speed,8-Step Accels,2-3x (hurdlers),Hurdle approach acceleration,Full body sprint muscles,
Main Work,Speed,8-Step + H1 (mini-hurdle),1x (hurdlers),Hurdle approach with first hurdle,Full body sprint muscles,
Main Work,Speed,4-Step Drill,2-3 reps,Short acceleration pattern drill,Full body sprint muscles,
Main Work,X-Factor,Standing Broad Jump,3-4 attempts (full recovery 2-3min),Horizontal jump power,Glutes, quadriceps, calves,
Main Work,X-Factor,Seated Broad Jump,3-4 attempts (full recovery 2-3min),Horizontal jump power without leg drive,Glutes, quadriceps,
Main Work,X-Factor,Repeat Broad-Jump,3-4x5 (2-3min rest),Repeated horizontal jumps,Glutes, quadriceps, calves,Tim Riley / Cheat Code
Main Work,X-Factor,Arc Race,3m Arc-Depth from opposing baselines (~10-12m, seeded from 15m Accel times),Race format horizontal jump test,Glutes, quadriceps, calves,
Main Work,X-Factor,CMJ (Counter-Movement Jump),2-3 attempts (full recovery 2-3min),Vertical jump power,Glutes, quadriceps, calves,
Main Work,X-Factor,Box Jumps,various heights and volumes,Vertical jump onto box,Glutes, quadriceps, calves,
Main Work,X-Factor,Seated Box-Jump,4x4,Vertical jump from seated position,Glutes, quadriceps,Joe Pedulla / APEX Ready
Main Work,X-Factor,Jump Squat,2x5,Explosive vertical jump,Glutes, quadriceps, calves,
Main Work,X-Factor,Vertical Pop-Ups,2-3x3 contacts,Vertical jump preparation,Glutes, quadriceps, calves,
Main Work,X-Factor,SL Box Jump with Plantarflexion,Variable,Single-leg vertical jump with plantarflexion,Calves, glutes, quadriceps,Chris Korfist
Main Work,X-Factor,MB OH Throw (Overhead),3 attempts (full recovery 2-3min),Upper body power and core,Shoulders, core, triceps,
Main Work,X-Factor,MB UH Throw (Underhand),3-4 attempts (full recovery 2-3min),Lower body power through upper body,Legs, core, shoulders,
Main Work,X-Factor,MB Reverse Throw (for distance),12 reps,Horizontal throw power,Full body power muscles,Joe Pedulla / APEX Ready
Main Work,X-Factor,MB Scoop-Toss,2x8 per side (8-10lb ball),Rotational power,Core, shoulders,Joe Pedulla / APEX Ready
Main Work,X-Factor,MB Backward Overhead Throws,barefoot tossing back and forth ~20-25yd apart,Backward throw pattern,Shoulders, core,Technique-Session – Dribbles
Main Work,X-Factor,MB Underhand Throws,Variable,Underhand throw pattern,Legs, core,Technique-Session – Dribbles
Main Work,X-Factor,MB Chest-Passes,Variable (for distance, throwing body into it),Chest pass power,Shoulders, core, triceps,Technique-Session – Dribbles
Main Work,X-Factor,MB Underhand Toss for Height,Variable,Vertical throw power,Legs, core,Technique-Session – Dribbles
Main Work,X-Factor,MB Vertical Throws,Variable,Vertical throw power,Full body power muscles,Hunter Eisenhower / Force-System
Main Work,X-Factor,MB Rotational Throws,Variable,Rotational power,Core, shoulders,Hunter Eisenhower / Force-System
Main Work,X-Factor,Partner MB Rotation-Throws,3-4x8-10 each direction,Partner rotational throws,Core, shoulders,
Main Work,Weights,ISO-Test — Ankle Dorsiflexion (RSIST),4 sets: 3x3s with 2min rest between sets (3-5s between reps),Ankle dorsiflexor isometric strength,Ankle dorsiflexors, tibialis anterior,Alex Natera / RSIST
Main Work,Weights,ISO-Test — Adduction,4 sets: 3x3s with 2min rest between sets (3-5s between reps),Hip adductor isometric strength,Hip adductors,Alex Natera / RSIST
Main Work,Weights,ISO-Test — Hip-Extension (RSIST),4 sets: 3x3s with 2min rest between sets (3-5s between reps),Hip extensor isometric strength,Glutes, hamstrings,Alex Natera / RSIST
Main Work,Weights,ISO-Test — Hamstring Curl,4 sets: 3x3s with 2min rest (Better Nordic: Leg-curl ISO 5-on 5-off on floor),Hamstring isometric strength,Hamstrings,Chris Korfist / Alex Natera / RSIST
Main Work,Weights,Ankle ISO,Short GCT,Ankle isometric with short ground contact time,Calves,Hunter Eisenhower / Force-System
Main Work,Weights,Hip ISO,Long Heavy,Hip isometric with long heavy holds,Glutes, hamstrings,Hunter Eisenhower / Force-System
Main Work,Weights,Deep Push-Up Hold,2-3x15-20s (full recovery between),Upper body isometric strength - bottom position,Pectorals, triceps, anterior deltoids,
Main Work,Weights,Deep Push-Up ISO,2x45-60s,Upper body isometric endurance - bottom position,Pectorals, triceps, anterior deltoids,Joe Pedulla / APEX Ready
Main Work,Weights,Plyo Push-Up,3-4x3-5 reps (full recovery 2-3min),Explosive upper body power,Pectorals, triceps, anterior deltoids,
Main Work,Weights,Plyo Push-Up onto Low-Box,3-4x3-5 reps (focus on explosive push-off),Explosive upper body power with height,Pectorals, triceps, anterior deltoids,
Main Work,Weights,Plyo Push-Up (on Plyomat),3-4x3-5 reps,Explosive upper body power on soft surface,Pectorals, triceps, anterior deltoids,
Main Work,Weights,Bench Plyo Push-Ups,3x4,Explosive bench press pattern,Pectorals, triceps, anterior deltoids,Tim Riley / Cheat Code
Main Work,Weights,Standing Depth-Land Push-Up,3x5 (aggressive decel, pair with bench warmups),Eccentric upper body strength,Pectorals, triceps, anterior deltoids,Joe Pedulla / APEX Ready
Main Work,Weights,Push Up to Toe Touch,3x4,Upper body and core coordination,Pectorals, core,Tim Riley / Cheat Code
Main Work,Weights,BB Bench Press,3x5 @ 80% (1-2 RIR, first and last reps 3-4 ISO Hold),Upper body strength,Pectorals, triceps, anterior deltoids,Joe Pedulla / APEX Ready
Main Work,Weights,BB Bench Press,1x AMRAP (20% less than final working set),Upper body volume,Pectorals, triceps, anterior deltoids,Joe Pedulla / APEX Ready
Main Work,Weights,BB Bench Press,3x3-5 @ various intensities,Upper body strength variations,Pectorals, triceps, anterior deltoids,Tim Riley / Cheat Code
Main Work,Weights,DB Bench Press,15 reps @ RPE 6-9,Upper body strength with dumbbells,Pectorals, triceps, anterior deltoids,Jake Tuura / 1x20
Main Work,Weights,DB Incline Press,Alternating,Upper body strength incline pattern,Pectorals, triceps, anterior deltoids,
Main Work,Weights,DB 1-Arm Overhead Press,20 reps @ RPE 6-9,Unilateral shoulder strength,Shoulders, triceps,Jake Tuura / 1x20
Main Work,Weights,Seated 1-Arm Shoulder-Press,30-60s work in Performance Cycling,Unilateral shoulder strength in circuit,Shoulders, triceps,
Main Work,Weights,Half-Kneel Landmine Press,2x8-10 @ RPE 8,Unilateral shoulder strength landmine,Shoulders, core,Joe Pedulla / APEX Ready
Main Work,Weights,Kneeling Landmine Press (Single-Arm),15 reps @ RPE 6-9,Unilateral shoulder strength kneeling,Shoulders, core,Jake Tuura / 1x20
Main Work,Weights,BB Military Press,10 reps @ RPE 6-9,Overhead press strength,Shoulders, triceps,Jake Tuura / 1x20
Main Work,Weights,Tricep Pushdown,2x12-15 @ RPE 9,Tricep isolation,Triceps,Joe Pedulla / APEX Ready
Main Work,Weights,DB Lying Tricep,3x20,Tricep isolation lying,Triceps,
Main Work,Weights,Standing OH Tricep,2x15,Overhead tricep extension,Triceps,
Main Work,Weights,Dead Hang,2-3x20-30s (or to failure if <30s, full recovery between),Grip and shoulder stability,Forearms, latissimus, biceps,
Main Work,Weights,Weighted Chin-Up,3x5 @ 3 RIR,Pull-up strength with load,Latissimus, biceps, rhomboids,Tim Riley / Cheat Code
Main Work,Weights,Chin-Up (Bodyweight),AMRAP or 3x5-10,Pull-up endurance or strength,Latissimus, biceps, rhomboids,
Main Work,Weights,Neutral-Grip Chin-Up,3x5 @ 1 RIR (load if able),Neutral grip pull-up strength,Latissimus, biceps, rhomboids,Joe Pedulla / APEX Ready
Main Work,Weights,Neutral-Grip Chin-Up,1x AMRAP (Bodyweight),Neutral grip pull-up endurance,Latissimus, biceps, rhomboids,Joe Pedulla / APEX Ready
Main Work,Weights,Chin-Up,15 reps @ RPE 6-9,Pull-up strength,Latissimus, biceps, rhomboids,Jake Tuura / 1x20
Main Work,Weights,Pull-Up,ISO 30-90s @ various phases,Pull-up isometric endurance,Latissimus, biceps, rhomboids,Jake Tuura / 1x20
Main Work,Weights,Inverted Row,20 reps @ RPE 6-9,Horizontal pulling strength,Latissimus, biceps, rhomboids, posterior deltoids,Jake Tuura / 1x20
Main Work,Weights,Lat Pulldown,30-60s work in Performance Cycling or 20 reps @ RPE 6-9,Pull-down strength in circuit or volume,Latissimus, biceps, rhomboids,
Main Work,Weights,Neutral-Grip Lat-Pulldowns,3x12/10/8,Neutral grip pull-down strength,Latissimus, biceps, rhomboids,
Main Work,Weights,Wrapping Lat-Pull,10 per side,Unilateral pull-down pattern,Latissimus, biceps, rhomboids,Tim Riley / Cheat Code
Main Work,Weights,DB Row,2x8-10 @ RPE 8 or 3x12,Horizontal pulling strength with dumbbells,Latissimus, rhomboids, posterior deltoids,Joe Pedulla / APEX Ready
Main Work,Weights,1-Arm DB Row,15 reps @ RPE 6-9,Unilateral horizontal pulling,Latissimus, rhomboids, posterior deltoids,Jake Tuura / 1x20
Main Work,Weights,Unilateral Low-Row,3x12,Unilateral low row pattern,Latissimus, rhomboids, posterior deltoids,Tim Riley / Cheat Code
Main Work,Weights,Wide-Grip Seated Row,2x15,Wide grip rowing,Latissimus, rhomboids, posterior deltoids,
Main Work,Weights,BB Row,10 reps @ RPE 6-9,Barbell row strength,Latissimus, rhomboids, posterior deltoids, erector spinae,Jake Tuura / 1x20
Main Work,Weights,Pendlay Rows,4x8/8/6/6,Barbell row from floor,Latissimus, rhomboids, posterior deltoids, erector spinae,
Main Work,Weights,Hammer Rows,4x12,Row variation,Latissimus, rhomboids, posterior deltoids,
Main Work,Weights,Sled-Marches (Heavy),3-4x10m (heavy load, full recovery 2-3min),Heavy resisted marching,Glutes, quadriceps,
Main Work,Weights,Sled-Marches (Medium Load),2-3x10m (reduced load),Medium resisted marching,Glutes, quadriceps,
Main Work,Weights,Sled-Marches (Very Heavy),4-5x10m (maximum load, full recovery),Maximum resisted marching,Glutes, quadriceps,
Main Work,Weights,Goblet-SQ,30-60s work in Performance Cycling,Front-loaded squat in circuit,Quadriceps, glutes,
Main Work,Weights,DB Goblet Squat,20 reps @ RPE 6-9,Front-loaded squat with dumbbell,Quadriceps, glutes,Jake Tuura / 1x20
Main Work,Weights,Front Squat,15 reps @ RPE 6-9,Front-loaded barbell squat,Quadriceps, glutes,Jake Tuura / 1x20
Main Work,Weights,Back Squat,10 reps @ RPE 6-9,Back-loaded barbell squat,Quadriceps, glutes, hamstrings,Jake Tuura / 1x20
Main Work,Weights,Squat (Variation of Choice),3x5 @ 1 RIR (~80% 1RM, first and last reps 3-4 ISO Hold),Squat strength with isometric emphasis,Quadriceps, glutes, hamstrings,Joe Pedulla / APEX Ready
Main Work,Weights,Heel Elevated Squat,3x3-5 @ 3 RIR,Ankle mobility and quadriceps emphasis,Quadriceps, glutes,Tim Riley / Cheat Code
Main Work,Weights,Heel Elevated Squat,AMRAP (80% of weight used in 3x5),Squat volume,Quadriceps, glutes,Tim Riley / Cheat Code
Main Work,Weights,Box Squat,2x5,Box squat pattern,Quadriceps, glutes, hamstrings,Tim Riley / Cheat Code
Main Work,Weights,BB High-Box Squat,4x3 @ 75-90%,High box squat strength,Quadriceps, glutes, hamstrings,
Main Work,Weights,DB Squat Jump,not a CMJ (pause at bottom),Explosive squat jump from pause,Quadriceps, glutes, calves,
Main Work,Weights,DB Jump SQ,variations,Explosive jump squat variations,Quadriceps, glutes, calves,
Main Work,Weights,Leg Extension,20 reps @ RPE 6-9 or 3x10-12,Quadriceps isolation,Quadriceps,Jake Tuura / 1x20
Main Work,Weights,"Baby-Yuris",30-60s work in Performance Cycling,Lower body push in circuit (banded Yuri pattern),Glutes, quadriceps,
Main Work,Weights,Hatfield Reverse Lunge,3x4 @ 2 RIR (~80% 1RM),Reverse lunge strength with support,Quadriceps, glutes,Joe Pedulla / APEX Ready
Main Work,Weights,FFE Reverse Lunge,3x12 per leg,Front-foot-elevated reverse lunge,Quadriceps, glutes,Tim Riley / Cheat Code
Main Work,Weights,DB Walking-Lunge,2x15,Walking lunge pattern,Quadriceps, glutes,Tim Riley / Cheat Code
Main Work,Weights,Bulgarian Split-SQ,8 per side or 10 reps @ RPE 6-9,Split squat strength,Quadriceps, glutes,Tim Riley / Cheat Code / Jake Tuura / 1x20
Main Work,Weights,B-Stance RDL,3x12,Single-leg RDL pattern,Hamstrings, glutes,Tim Riley / Cheat Code
Main Work,Weights,Cable Kickback (for Adductor),2-3x8-10 each leg (focus on adductor magnus),Adductor strengthening,Adductor magnus,
Main Work,Weights,Back-Extension,30-60s work in Performance Cycling,Erector spinae endurance in circuit,Erector spinae,
Main Work,Weights,GHD,2x AMRAP to RPE 8,Glute-hamstring raise strength,Hamstrings, glutes,Joe Pedulla / APEX Ready
Main Work,Weights,GHD or Back-Extension,15-20 reps @ RPE 6-9,Posterior chain endurance,Hamstrings, glutes, erector spinae,Jake Tuura / 1x20
Main Work,Weights,Good Morning,20 reps @ RPE 6-9 (same weight as Goblet-SQ in Performance Cycling),Posterior chain strength,Hamstrings, glutes, erector spinae,Jake Tuura / 1x20
Main Work,Weights,Deficit BB RDL,2x7-8 @ 2 RIR (RPE 8),Romanian deadlift from deficit,Hamstrings, glutes, erector spinae,Joe Pedulla / APEX Ready
Main Work,Weights,BB RDL,15 reps @ RPE 6-9,Romanian deadlift strength,Hamstrings, glutes, erector spinae,Jake Tuura / 1x20
Main Work,Weights,Barbell RDL,3x8-10,Romanian deadlift pattern,Hamstrings, glutes, erector spinae,Tim Riley / Cheat Code
Main Work,Weights,Barbell DL,10 reps @ RPE 6-9,Deadlift strength,Hamstrings, glutes, erector spinae, quadriceps,Jake Tuura / 1x20
Main Work,Weights,Lying Hamstring Curl,2x10-12,Hamstring isolation,Hamstrings,Joe Pedulla / APEX Ready
Main Work,Weights,Machine Leg-Curl,3x15,Hamstring isolation machine,Hamstrings,Tim Riley / Cheat Code
Main Work,Weights,Hamstring Curl,20 reps @ RPE 6-9,Hamstring isolation,Hamstrings,Jake Tuura / 1x20
Main Work,Weights,CON-Only Trap-Bar DL,3x3 @ 3 RIR,Concentric-only deadlift,Glutes, quadriceps, hamstrings,Tim Riley / Cheat Code
Main Work,Weights,Glute-Ham Extension,4x10,Glute-hamstring strength,Hamstrings, glutes,
Main Work,Weights,Clean-Pull,4x2 @ ~75% 1RM (1-2 RIR),Olympic lift pull pattern,Posterior chain, traps,Joe Pedulla / APEX Ready
Main Work,Weights,Power-Clean,4x2 @ ~75% 1RM (1-2 RIR),Olympic lift explosive pattern,Full body power muscles,Joe Pedulla / APEX Ready
Main Work,Weights,Below-the-Knee Hang-Clean,4x3 @ ~80%,Hang clean from below knee,Full body power muscles,Joe Pedulla / APEX Ready
Main Work,Weights,Clean Variation (Hang Power Pull),3x3 @ 3 RIR,Clean variations,Full body power muscles,Tim Riley / Cheat Code
Main Work,Weights,Block Clean,3x3 or 4x3 @ various percentages,Clean from blocks,Full body power muscles,
Main Work,Weights,Hip Clean,4x3,Clean from hip position,Full body power muscles,
Main Work,Weights,Hang-Snatch High-Pull,4x3 @ 65-75%,Snatch high pull pattern,Posterior chain, traps,
Main Work,Weights,Hang-Snatch,4x3 @ 60-65%,Snatch pattern,Full body power muscles,
Main Work,Weights,BB Split-Jerk,3x2 per side,Overhead jerk pattern,Shoulders, legs,
Main Work,Weights,Trap-Bar Jumps,3-4x3-5 reps (bodyweight or light load, full recovery 2-3min),Loaded vertical jumps,Glutes, quadriceps, calves,
Main Work,Weights,Performance Cycling,10-15min total (mimic Aerobic-EDT but bigger circuit),Circuit training for capacity,Full body,
Main Work,Weights,BB Hip Thrust,3x12,Glute strength,Hip extensors, glutes,Tim Riley / Cheat Code
Main Work,Weights,SL Hip Thrust,Accumulate 2mins per side across no more than 3 sets (>40s per set),Single-leg glute strength,Hip extensors, glutes,Joe Pedulla / APEX Ready
Main Work,Weights,Banded Box-SQ,3x5,Banded squat pattern,Quadriceps, glutes,Tim Riley / Cheat Code
Main Work,Weights,MB Lateral Lunge Jump,3x3 per side,Rotational lunge jump,Glutes, quadriceps, core,Tim Riley / Cheat Code
Main Work,Weights,BB Step-Up,4x3 per side,Step-up strength,Quadriceps, glutes,
Main Work,Weights,Seated Adductor,3x15,Hip adductor strength,Hip adductors,Tim Riley / Cheat Code
Main Work,Weights,Standing Calf,3x15,Calf strength standing,Calves (gastrocnemius),Tim Riley / Cheat Code
Main Work,Weights,Seated Calf-Raise,2x12 or 3x15,Calf strength seated,Calves (soleus),Tim Riley / Cheat Code / Joe Pedulla / APEX Ready
Main Work,Weights,Calf-Raise (Smith or Seated),2x12,Calf strength with support,Calves,Joe Pedulla / APEX Ready
Main Work,Weights,Single-Leg Calf Raise,20 reps @ RPE 6-9,Single-leg calf strength,Calves,Jake Tuura / 1x20
Main Work,Weights,Copenhagen,3x15,Hip adductor and core strength,Hip adductors, core,Tim Riley / Cheat Code / Jake Tuura / 1x20
Main Work,Weights,DB Lateral Raise,3x20 or 20 reps @ RPE 6-9,Shoulder abduction strength,Shoulders (middle deltoids),
Main Work,Weights,DB Front Raise,20 reps @ RPE 6-9,Shoulder flexion strength,Shoulders (anterior deltoids),Jake Tuura / 1x20
Main Work,Weights,DB Rear Delt Raise,20 reps @ RPE 6-9,Shoulder horizontal abduction strength,Shoulders (posterior deltoids),Jake Tuura / 1x20
Main Work,Weights,DB Hammer Curl,3x20 or 2x15,Bicep strength hammer grip,Biceps,
Main Work,Weights,Alternating Incline-Curl,2x15,Bicep strength incline,Biceps,
Main Work,Weights,DB Biceps Curl,20 reps @ RPE 6-9,Bicep strength,Biceps,Jake Tuura / 1x20
Main Work,Weights,Face-Pull,2x15 (pump) or 3x15,Posterior deltoid and upper trap strength,Posterior deltoids, upper trapezius,Joe Pedulla / APEX Ready
Main Work,Weights,Lying Abductor Bridge,2x10-12,Hip abductor strength,Hip abductors,Joe Pedulla / APEX Ready
Main Work,Weights,Hip Abduction,20 reps @ RPE 6-9,Hip abductor strength,Hip abductors,Jake Tuura / 1x20
Main Work,Weights,Hip Adduction,20 reps @ RPE 6-9,Hip adductor strength,Hip adductors,Jake Tuura / 1x20
Main Work,Weights,Knee Drive (Hip Flex.),20 reps @ RPE 6-9,Hip flexor strength,Hip flexors,Jake Tuura / 1x20
Main Work,Weights,Kickback / Paw Back (Hip Ext.),20 reps @ RPE 6-9,Hip extensor strength,Hip extensors,Jake Tuura / 1x20
Main Work,Weights,Sprinter Bridges (do Reps),15 reps @ RPE 6-9,Hip flexor endurance,Hip flexors,Jake Tuura / 1x20
Main Work,Weights,Side-Plank w/Leg Lift,15 reps @ RPE 6-9,Hip abductor and core strength,Hip abductors, core,Jake Tuura / 1x20
Main Work,Weights,Copenhagens,15 reps @ RPE 6-9,Hip adductor and core strength,Hip adductors, core,Jake Tuura / 1x20
Main Work,Weights,DB Goblet Lateral Lunge,10 reps @ RPE 6-9,Lateral lunge pattern,Hip adductors, glutes, quadriceps,Jake Tuura / 1x20
Main Work,Lactic / Aerobic Work,100m Tempos,12-14x @ 65-70% RPE (Rest 1:2 or 1:1.5 Ratio),Aerobic capacity work,Full body endurance muscles,Joe Pedulla / APEX Ready
Main Work,Lactic / Aerobic Work,200m Tempos,6-8x @ 85-90% (Rest 1:2 Ratio),Aerobic/anaerobic capacity,Full body endurance muscles,Joe Pedulla / APEX Ready
Main Work,Lactic / Aerobic Work,400m Runs,5x @ Close-to Goal-Pace or Goal (Rest 1:2 or 2:1 Ratio),Race pace capacity,Full body endurance muscles,Joe Pedulla / APEX Ready
Main Work,Lactic / Aerobic Work,800m Run,Optional aerobic component easy pace,Aerobic endurance,Full body endurance muscles,
Main Work,Lactic / Aerobic Work,ASSE (Anaerobic Short-Speed),3 x 3x60m with 3/6min recovery,Anaerobic speed endurance,Full body sprint muscles,Chris Parno
Main Work,Lactic / Aerobic Work,GSSE (Glycolytic Short-Speed),3 x 4x80m with 1.5/4min recovery,Glycolytic speed endurance,Full body sprint muscles,Chris Parno
Main Work,Lactic / Aerobic Work,Extensive,10x100m on grass at 75% intensity,Extensive tempo work,Full body endurance muscles,Chris Parno
Main Work,Lactic / Aerobic Work,Intensive,6x200m at 80% with 2min recovery,Intensive tempo work,Full body endurance muscles,Chris Parno
Accessories and Structure,Foot/Lower-Leg,Spring Ankle,2min straight-knee 2min bent-knee (all tension moves to foot),Ankle and foot stiffness - foundation exercise,Calves, foot muscles,Chris Korfist
Accessories and Structure,Foot/Lower-Leg,Calf Raises,2x15-20 (bodyweight or light load),Calf strength and endurance,Calves,
Accessories and Structure,Foot/Lower-Leg,Weighted Calf Raises,3x20,Calf strength with load,Calves,
Accessories and Structure,Foot/Lower-Leg,Foot Strengthening,various exercises,Foot intrinsic muscle strength,Intrinsic foot muscles,
Accessories and Structure,Foot/Lower-Leg,Toe Raises,various volumes,Ankle dorsiflexor strength,Tibialis anterior,
Accessories and Structure,Foot/Lower-Leg,Toe Plank on Ledge,2x15 (forward of big toe),Foot strength forward position,Foot muscles, intrinsic foot,Chris Korfist
Accessories and Structure,Foot/Lower-Leg,Weighted Toe Raises,2x15,Ankle dorsiflexor strength with load,Tibialis anterior,
Accessories and Structure,Foot/Lower-Leg,Arch Activation,Variable,Foot arch strength,Intrinsic foot muscles,
Accessories and Structure,Foot/Lower-Leg,Toe Spreads,Variable,Toe flexibility and strength,Intrinsic foot muscles,
Accessories and Structure,Foot/Lower-Leg,Heel Walks,2-3min,Ankle dorsiflexor endurance,Tibialis anterior,
Accessories and Structure,Foot/Lower-Leg,Toe Walks,2-3min,Ankle plantarflexor endurance,Calves,
Accessories and Structure,Foot/Lower-Leg,Banded Tibialis Raise,20 reps @ RPE 6-9,Ankle dorsiflexor strength with band,Tibialis anterior,Jake Tuura / 1x20
Accessories and Structure,Foot/Lower-Leg,Ankle Mobility Exercises,2-3min,Ankle range of motion,Ankle muscles,
Accessories and Structure,Foot/Lower-Leg,Barefoot Walking,variable (toes up tiptoes),Foot proprioception and strength,Foot muscles,Technique-Session – Dribbles
Accessories and Structure,Core,High Side-Plank,2x45-60s each side (good spine breathe),Oblique isometric strength,Obliques, core,Chris Korfist
Accessories and Structure,Core,Russian Twists,2x10-15 each side,Core rotational strength,Core, obliques,
Accessories and Structure,Core,Med Ball Rotations,2x10 each side,Core rotational power,Core, obliques,
Accessories and Structure,Core,Weighted Rotations,3x12 each side,Core rotational strength with load,Core, obliques,
Accessories and Structure,Core,Med Ball Slams,3x12 each side,Core and upper body power,Core, shoulders, obliques,
Accessories and Structure,Core,MB Rainbows,no release just the chop,Rotational core pattern,Core, obliques,Technique-Session – Dribbles
Accessories and Structure,Core,Rainbow Med Ball Slam,3x4,Rotational slam pattern,Core, shoulders, obliques,Tim Riley / Cheat Code
Accessories and Structure,Core,GHD Russian-Twist,3x15,Rotational core strength on GHD,Core, obliques,Tim Riley / Cheat Code
Accessories and Structure,Core,Dead Bug,2x30-45s,Core anti-extension,Core, rectus abdominis,
Accessories and Structure,Core,Bird-Dog,2x30-45s,Core stability and coordination,Core, erector spinae,
Accessories and Structure,Core,Pallof Press,2x30s (light) or 3x30-45s (weighted),Core anti-rotation,Core, obliques,
Accessories and Structure,Core,Ab Rollout,2x12-15 or 3 RIR,Core anti-extension strength,Core, rectus abdominis, anterior deltoids,Tim Riley / Cheat Code
Accessories and Structure,Core,fRoller Bridge w/OSC,30s,Core isometric with oscillation,Core, glutes,Tim Riley / Cheat Code
Accessories and Structure,Core,Core Stability Work,2x30-45s,General core stability,Core,
Accessories and Structure,Core,Heavy-Loaded Carries,3x30-45s,Core and grip strength with carries,Core, grip,
Accessories and Structure,Core,Sit-Up,20 reps @ RPE 6-9,Core flexion strength,Rectus abdominis,Jake Tuura / 1x20
Accessories and Structure,Core,Hanging Knee Raise,15 reps @ RPE 6-9 or 2x15-25,Hip flexor and core strength,Hip flexors, rectus abdominis,Jake Tuura / 1x20
Accessories and Structure,Core,Decline Bench Sit-Up,2x15,Core flexion strength decline,Rectus abdominis,
Accessories and Structure,Core,Decline Russian-Twist,2x15,Core rotation strength decline,Core, obliques,Tim Riley / Cheat Code
Accessories and Structure,Core,Reverse Sit-Up (cable),20 reps @ RPE 6-9,Core flexion strength with resistance,Rectus abdominis,Jake Tuura / 1x20
Accessories and Structure,Core,Back Raise,20 reps @ RPE 6-9,Erector spinae strength,Erector spinae,Jake Tuura / 1x20
Accessories and Structure,Core,Back Raise w/Twist,20 reps @ RPE 6-9,Rotational erector spinae strength,Erector spinae, obliques,Jake Tuura / 1x20
Accessories and Structure,Core,Obliques,Long holds 2min (good spine breathe),Oblique isometric endurance,Obliques, core,Chris Korfist
Accessories and Structure,Core,Transverse,Opposite shoulder SL bound,Transverse abdominis activation,Transverse abdominis, core,Chris Korfist
Accessories and Structure,Core,Torso Twist,10 reps @ RPE 6-9,Core rotation strength,Core, obliques,Jake Tuura / 1x20
Accessories and Structure,Core,Cross Crawl,3x4,Cross-pattern coordination,Core, hip flexors,Tim Riley / Cheat Code
Accessories and Structure,Core,MB Low-Walk,variable (roll through foot drop shin MB hug chest),Sprint mechanics with med ball,Core, hip flexors,Technique-Session – Dribbles
Accessories and Structure,Hip Stability,Banded Work,2-3x12-15 each (Monster-walks Clamshells Hip Flexor Raises),Hip activation with bands,Hip abductors, adductors, flexors,
Accessories and Structure,Hip Stability,Clamshells,2x12-15 each side,Hip external rotator activation,Hip external rotators,
Accessories and Structure,Hip Stability,Monster-Walks,2x12-15 each direction,Hip abductor activation,Hip abductors,
Accessories and Structure,Hip Stability,Hip Flexor Raises,2x12-15 each side,Hip flexor activation,Hip flexors,
Accessories and Structure,Hip Stability,Single-Leg Glute Bridges,2-3x10-12 each,Single-leg glute activation,Glutes, hamstrings,
Accessories and Structure,Hip Stability,Heavy Single-Leg Glute Bridges,3x12 each,Single-leg glute strength,Glutes, hamstrings,
Accessories and Structure,Hip Stability,Hip Thrusts,2-3x12-15 each,Glute activation,Hip extensors, glutes,
Accessories and Structure,Hip Stability,Heavy Hip Thrusts,3x12 each,Glute strength,Hip extensors, glutes,
Accessories and Structure,Hip Stability,Glute Activation,2x10 each,Glute muscle activation,Glutes,
Accessories and Structure,Recovery,Light Stretching,2-4min (full-body light stretching),Recovery and flexibility,Full body muscles,
Accessories and Structure,Recovery,Extended Stretching,3-4min (full-body stretching longer holds),Recovery and flexibility extended,Full body muscles,
Accessories and Structure,Recovery,Mobility Work,1-3min (additional mobility as needed),Recovery and joint mobility,Full body joints,
Accessories and Structure,Recovery,Foam Rolling,2-3min (if available),Soft tissue recovery,Full body muscles,
Accessories and Structure,Recovery,Self-Massage,2-3min (if available),Soft tissue recovery,Full body muscles,
Accessories and Structure,Recovery,Tissue Work,2-3min (foam rolling stretching for tight areas),Soft tissue recovery targeted,Full body muscles,
Accessories and Structure,Recovery,Belly Breathing,20 reps @ RPE 6-9,Parasympathetic activation and core,Core, diaphragm,Jake Tuura / 1x20
Accessories and Structure,Recovery,Active Recovery,25mins (cardio-equipment of choice Long-Slow),Low-intensity cardiovascular recovery,Full body cardiovascular system,
